{
    "moments" :[
        {
            "text" : "大哥，这是智商欠费了吧……",    
            "idstr" : "3883090679976162",
            "source" : "",
            "source_allowclick" : 0,
            "source_url" : "",
            "created_at" : "Thu Sep 03 20:47:03 +0800 2015",
            "location" : "",
            "attitudes_status" : 0,
            "attitudes_count" : 0,
            "attitudes_list" : [

            ],
            "comments_count" : 0,
            "comments_list" : [

            ],
            "user" : {
                "profile_image_url" : "http://tp4.sinaimg.cn/1448595507/50/22871434059/1",
                "avatar_large" : "http://tp4.sinaimg.cn/1448595507/180/22871434059/1",
                "idstr" : "1448595507",
                "screen_name" : "UI中国"
            },
            "pic_infos" : [
                {
                "thumbnail" : {
                    "cut_type" : 1,
                    "type" : "GIF",
                    "url" : "http://ww3.sinaimg.cn/or180/5657d033jw1evpjwywt77g206o04pnpd.gif",
                    "width" : 213,
                    "height" : 150
                },
                "bmiddle" : {
                    "cut_type" : 1,
                    "type" : "GIF",
                    "url" : "http://ww3.sinaimg.cn/or360/5657d033jw1evpjwywt77g206o04pnpd.gif",
                    "width" : "240",
                    "height" : "169"
                },
                "large" : {
                    "cut_type" : 1,
                    "type" : "GIF",
                    "url" : "http://ww3.sinaimg.cn/wap720/5657d033jw1evpjwywt77g206o04pnpd.gif",
                    "width" : "240",
                    "height" : "169"
                },
                "largest" : {
                    "cut_type" : 1,
                    "type" : "GIF",
                    "url" : "http://ww3.sinaimg.cn/large/5657d033jw1evpjwywt77g206o04pnpd.gif",
                    "width" : "240",
                    "height" : "169"
                },
                "pic_id" : "5657d033jw1evpjwywt77g206o04pnpd",
                "photo_tag" : 0,
                "original" : {
                    "cut_type" : 1,
                    "type" : "GIF",
                    "url" : "http://ww3.sinaimg.cn/woriginal/5657d033jw1evpjwywt77g206o04pnpd.gif",
                    "width" : "240",
                    "height" : "169"
                },
                "keep_size" : 1,
                "object_id" : "1042018:a8cb895ada90e177835fb3bf689114bd",
                "middleplus" : {
                    "cut_type" : 1,
                    "type" : "GIF",
                    "url" : "http://ww3.sinaimg.cn/or480/5657d033jw1evpjwywt77g206o04pnpd.gif",
                    "width" : "240",
                    "height" : "169"
                }
                }
            ]
        },
        {
            "text" : "#ps教程# 利用Photoshop让一片白的天空变得很有层次感，让手机拍照片可以修图十万元单反级别的照片效果，简单粗暴，效果大气，值得借鉴学习，转需~（作者：知乎小时先生）", 
            "idstr" : "3882596918741412",
            "source" : "",
            "source_allowclick" : 0,
            "source_url" : "",
            "created_at" : "Wed Sep 02 12:05:03 +0800 2015",
            "location" : "深圳 福田区",
            "attitudes_status" : 0,
            "attitudes_count" : 0,
            "attitudes_list" : [

            ],
            "comments_count" : 0,
            "comments_list" : [

            ],
            "user" : {
                "profile_image_url" : "http://tp3.sinaimg.cn/2630646082/50/40073330660/1",
                "avatar_large" : "http://tp4.sinaimg.cn/2630646082/180/22871434059/1",
                "idstr" : "2630646082",
                "screen_name" : "photoshop资源库"
            },
            "pic_infos" : [
                {
                    "thumbnail" : {
                    "cut_type" : 1,
                    "type" : "WEBP",
                    "url" : "http://ww2.sinaimg.cn/or180/9ccc7942gw1evn3dz8wc7j20f00miaes.jpg",
                    "width" : 180,
                    "height" : 270
                    },
                    "bmiddle" : {
                    "cut_type" : 1,
                    "type" : "WEBP",
                    "url" : "http://ww2.sinaimg.cn/or360/9ccc7942gw1evn3dz8wc7j20f00miaes.jpg",
                    "width" : 360,
                    "height" : 540
                    },
                    "large" : {
                    "cut_type" : 1,
                    "type" : "JPEG",
                    "url" : "http://ww2.sinaimg.cn/wap720/9ccc7942gw1evn3dz8wc7j20f00miaes.jpg",
                    "width" : "540",
                    "height" : "810"
                    },
                    "largest" : {
                    "cut_type" : 1,
                    "type" : "JPEG",
                    "url" : "http://ww2.sinaimg.cn/large/9ccc7942gw1evn3dz8wc7j20f00miaes.jpg",
                    "width" : "540",
                    "height" : "810"
                    },
                    "pic_id" : "9ccc7942gw1evn3dz8wc7j20f00miaes",
                    "photo_tag" : 0,
                    "original" : {
                    "cut_type" : 1,
                    "type" : "JPEG",
                    "url" : "http://ww2.sinaimg.cn/woriginal/9ccc7942gw1evn3dz8wc7j20f00miaes.jpg",
                    "width" : "540",
                    "height" : "810"
                    },
                    "object_id" : "1042018:215e37766e81962fcd02fb4aa799f582",
                    "middleplus" : {
                    "cut_type" : 1,
                    "type" : "WEBP",
                    "url" : "http://ww2.sinaimg.cn/or480/9ccc7942gw1evn3dz8wc7j20f00miaes.jpg",
                    "width" : 480,
                    "height" : 720
                    }
                },
                {
                    "thumbnail" : {
                    "cut_type" : 1,
                    "type" : "WEBP",
                    "url" : "http://ww1.sinaimg.cn/or180/9ccc7942gw1evn3e1n8z0j20c81jkqbu.jpg",
                    "width" : 180,
                    "height" : 599
                    },
                    "bmiddle" : {
                    "cut_type" : 1,
                    "type" : "WEBP",
                    "url" : "http://ww1.sinaimg.cn/or360/9ccc7942gw1evn3e1n8z0j20c81jkqbu.jpg",
                    "width" : 360,
                    "height" : 1199
                    },
                    "large" : {
                    "cut_type" : 1,
                    "type" : "JPEG",
                    "url" : "http://ww1.sinaimg.cn/wap720/9ccc7942gw1evn3e1n8z0j20c81jkqbu.jpg",
                    "width" : "440",
                    "height" : "2000"
                    },
                    "largest" : {
                    "cut_type" : 1,
                    "type" : "JPEG",
                    "url" : "http://ww1.sinaimg.cn/large/9ccc7942gw1evn3e1n8z0j20c81jkqbu.jpg",
                    "width" : "440",
                    "height" : "2000"
                    },
                    "pic_id" : "9ccc7942gw1evn3e1n8z0j20c81jkqbu",
                    "photo_tag" : 0,
                    "original" : {
                    "cut_type" : 1,
                    "type" : "JPEG",
                    "url" : "http://ww1.sinaimg.cn/woriginal/9ccc7942gw1evn3e1n8z0j20c81jkqbu.jpg",
                    "width" : "440",
                    "height" : "2000"
                    },
                    "object_id" : "1042018:0e2061111bd11e0e4bc41095eeebd2e6",
                    "middleplus" : {
                    "cut_type" : 1,
                    "type" : "WEBP",
                    "url" : "http://ww1.sinaimg.cn/or480/9ccc7942gw1evn3e1n8z0j20c81jkqbu.jpg",
                    "width" : "440",
                    "height" : 1466
                    }
                },
                {
                    "thumbnail" : {
                    "cut_type" : 1,
                    "type" : "WEBP",
                    "url" : "http://ww2.sinaimg.cn/or180/9ccc7942gw1evn3e3o21uj20c81jkwny.jpg",
                    "width" : 180,
                    "height" : 599
                    },
                    "bmiddle" : {
                    "cut_type" : 1,
                    "type" : "WEBP",
                    "url" : "http://ww2.sinaimg.cn/or360/9ccc7942gw1evn3e3o21uj20c81jkwny.jpg",
                    "width" : 360,
                    "height" : 1199
                    },
                    "large" : {
                    "cut_type" : 1,
                    "type" : "JPEG",
                    "url" : "http://ww2.sinaimg.cn/wap720/9ccc7942gw1evn3e3o21uj20c81jkwny.jpg",
                    "width" : "440",
                    "height" : "2000"
                    },
                    "largest" : {
                    "cut_type" : 1,
                    "type" : "JPEG",
                    "url" : "http://ww2.sinaimg.cn/large/9ccc7942gw1evn3e3o21uj20c81jkwny.jpg",
                    "width" : "440",
                    "height" : "2000"
                    },
                    "pic_id" : "9ccc7942gw1evn3e3o21uj20c81jkwny",
                    "photo_tag" : 0,
                    "original" : {
                    "cut_type" : 1,
                    "type" : "JPEG",
                    "url" : "http://ww2.sinaimg.cn/woriginal/9ccc7942gw1evn3e3o21uj20c81jkwny.jpg",
                    "width" : "440",
                    "height" : "2000"
                    },
                    "object_id" : "1042018:1f497db62d8605e850ef4b3fd6155137",
                    "middleplus" : {
                    "cut_type" : 1,
                    "type" : "WEBP",
                    "url" : "http://ww2.sinaimg.cn/or480/9ccc7942gw1evn3e3o21uj20c81jkwny.jpg",
                    "width" : "440",
                    "height" : 1466
                    }
                },
                {
                    "thumbnail" : {
                    "cut_type" : 1,
                    "type" : "WEBP",
                    "url" : "http://ww1.sinaimg.cn/or180/9ccc7942gw1evn3e9gtpqj20ia0c6765.jpg",
                    "width" : 225,
                    "height" : 150
                    },
                    "bmiddle" : {
                    "cut_type" : 1,
                    "type" : "WEBP",
                    "url" : "http://ww1.sinaimg.cn/or360/9ccc7942gw1evn3e9gtpqj20ia0c6765.jpg",
                    "width" : 405,
                    "height" : 270
                    },
                    "large" : {
                    "cut_type" : 1,
                    "type" : "JPEG",
                    "url" : "http://ww1.sinaimg.cn/wap720/9ccc7942gw1evn3e9gtpqj20ia0c6765.jpg",
                    "width" : "658",
                    "height" : "438"
                    },
                    "largest" : {
                    "cut_type" : 1,
                    "type" : "JPEG",
                    "url" : "http://ww1.sinaimg.cn/large/9ccc7942gw1evn3e9gtpqj20ia0c6765.jpg",
                    "width" : "658",
                    "height" : "438"
                    },
                    "pic_id" : "9ccc7942gw1evn3e9gtpqj20ia0c6765",
                    "photo_tag" : 0,
                    "original" : {
                    "cut_type" : 1,
                    "type" : "JPEG",
                    "url" : "http://ww1.sinaimg.cn/woriginal/9ccc7942gw1evn3e9gtpqj20ia0c6765.jpg",
                    "width" : "658",
                    "height" : "438"
                    },
                    "object_id" : "1042018:829cbae03cbcd6e19064f4952296c6fa",
                    "middleplus" : {
                    "cut_type" : 1,
                    "type" : "WEBP",
                    "url" : "http://ww1.sinaimg.cn/or480/9ccc7942gw1evn3e9gtpqj20ia0c6765.jpg",
                    "width" : 540,
                    "height" : 360
                    }
                },
                {
                    "thumbnail" : {
                    "cut_type" : 1,
                    "type" : "WEBP",
                    "url" : "http://ww3.sinaimg.cn/or180/9ccc7942gw1evn3e2o4dhj20c81jkn6n.jpg",
                    "width" : 180,
                    "height" : 599
                    },
                    "bmiddle" : {
                    "cut_type" : 1,
                    "type" : "WEBP",
                    "url" : "http://ww3.sinaimg.cn/or360/9ccc7942gw1evn3e2o4dhj20c81jkn6n.jpg",
                    "width" : 360,
                    "height" : 1199
                    },
                    "large" : {
                    "cut_type" : 1,
                    "type" : "JPEG",
                    "url" : "http://ww3.sinaimg.cn/wap720/9ccc7942gw1evn3e2o4dhj20c81jkn6n.jpg",
                    "width" : "440",
                    "height" : "2000"
                    },
                    "largest" : {
                    "cut_type" : 1,
                    "type" : "JPEG",
                    "url" : "http://ww3.sinaimg.cn/large/9ccc7942gw1evn3e2o4dhj20c81jkn6n.jpg",
                    "width" : "440",
                    "height" : "2000"
                    },
                    "pic_id" : "9ccc7942gw1evn3e2o4dhj20c81jkn6n",
                    "photo_tag" : 0,
                    "original" : {
                    "cut_type" : 1,
                    "type" : "JPEG",
                    "url" : "http://ww3.sinaimg.cn/woriginal/9ccc7942gw1evn3e2o4dhj20c81jkn6n.jpg",
                    "width" : "440",
                    "height" : "2000"
                    },
                    "object_id" : "1042018:4970ae3e35ef636044f1e442cfa8aec4",
                    "middleplus" : {
                    "cut_type" : 1,
                    "type" : "WEBP",
                    "url" : "http://ww3.sinaimg.cn/or480/9ccc7942gw1evn3e2o4dhj20c81jkn6n.jpg",
                    "width" : "440",
                    "height" : 1466
                    }
                },
                {
                    "thumbnail" : {
                    "cut_type" : 1,
                    "type" : "WEBP",
                    "url" : "http://ww1.sinaimg.cn/or180/9ccc7942gw1evn3e4s55kj20c81fvdob.jpg",
                    "width" : 180,
                    "height" : 599
                    },
                    "bmiddle" : {
                    "cut_type" : 1,
                    "type" : "WEBP",
                    "url" : "http://ww1.sinaimg.cn/or360/9ccc7942gw1evn3e4s55kj20c81fvdob.jpg",
                    "width" : 360,
                    "height" : 1199
                    },
                    "large" : {
                    "cut_type" : 1,
                    "type" : "JPEG",
                    "url" : "http://ww1.sinaimg.cn/wap720/9ccc7942gw1evn3e4s55kj20c81fvdob.jpg",
                    "width" : "440",
                    "height" : "1867"
                    },
                    "largest" : {
                    "cut_type" : 1,
                    "type" : "JPEG",
                    "url" : "http://ww1.sinaimg.cn/large/9ccc7942gw1evn3e4s55kj20c81fvdob.jpg",
                    "width" : "440",
                    "height" : "1867"
                    },
                    "pic_id" : "9ccc7942gw1evn3e4s55kj20c81fvdob",
                    "photo_tag" : 0,
                    "original" : {
                    "cut_type" : 1,
                    "type" : "JPEG",
                    "url" : "http://ww1.sinaimg.cn/woriginal/9ccc7942gw1evn3e4s55kj20c81fvdob.jpg",
                    "width" : "440",
                    "height" : "1867"
                    },
                    "object_id" : "1042018:751ad4cc6a0366cebe3b1997dea961dc",
                    "middleplus" : {
                    "cut_type" : 1,
                    "type" : "WEBP",
                    "url" : "http://ww1.sinaimg.cn/or480/9ccc7942gw1evn3e4s55kj20c81fvdob.jpg",
                    "width" : "440",
                    "height" : 1466
                    }
                },
                {
                    "thumbnail" : {
                    "cut_type" : 1,
                    "type" : "WEBP",
                    "url" : "http://ww1.sinaimg.cn/or180/9ccc7942gw1evn3e0mqw1j20c81jkq9b.jpg",
                    "width" : 180,
                    "height" : 599
                    },
                    "bmiddle" : {
                    "cut_type" : 1,
                    "type" : "WEBP",
                    "url" : "http://ww1.sinaimg.cn/or360/9ccc7942gw1evn3e0mqw1j20c81jkq9b.jpg",
                    "width" : 360,
                    "height" : 1199
                    },
                    "large" : {
                    "cut_type" : 1,
                    "type" : "JPEG",
                    "url" : "http://ww1.sinaimg.cn/wap720/9ccc7942gw1evn3e0mqw1j20c81jkq9b.jpg",
                    "width" : "440",
                    "height" : "2000"
                    },
                    "largest" : {
                    "cut_type" : 1,
                    "type" : "JPEG",
                    "url" : "http://ww1.sinaimg.cn/large/9ccc7942gw1evn3e0mqw1j20c81jkq9b.jpg",
                    "width" : "440",
                    "height" : "2000"
                    },
                    "pic_id" : "9ccc7942gw1evn3e0mqw1j20c81jkq9b",
                    "photo_tag" : 0,
                    "original" : {
                    "cut_type" : 1,
                    "type" : "JPEG",
                    "url" : "http://ww1.sinaimg.cn/woriginal/9ccc7942gw1evn3e0mqw1j20c81jkq9b.jpg",
                    "width" : "440",
                    "height" : "2000"
                    },
                    "object_id" : "1042018:d852623a604b6c7ef87c9ffe08354aa7",
                    "middleplus" : {
                    "cut_type" : 1,
                    "type" : "WEBP",
                    "url" : "http://ww1.sinaimg.cn/or480/9ccc7942gw1evn3e0mqw1j20c81jkq9b.jpg",
                    "width" : "440",
                    "height" : 1466
                    }
                },
                {
                    "thumbnail" : {
                    "cut_type" : 1,
                    "type" : "WEBP",
                    "url" : "http://ww4.sinaimg.cn/or180/9ccc7942gw1evn3e8uyf3j20go09vq5d.jpg",
                    "width" : 253,
                    "height" : 150
                    },
                    "bmiddle" : {
                    "cut_type" : 1,
                    "type" : "WEBP",
                    "url" : "http://ww4.sinaimg.cn/or360/9ccc7942gw1evn3e8uyf3j20go09vq5d.jpg",
                    "width" : 456,
                    "height" : 270
                    },
                    "large" : {
                    "cut_type" : 1,
                    "type" : "JPEG",
                    "url" : "http://ww4.sinaimg.cn/wap720/9ccc7942gw1evn3e8uyf3j20go09vq5d.jpg",
                    "width" : "600",
                    "height" : "355"
                    },
                    "largest" : {
                    "cut_type" : 1,
                    "type" : "JPEG",
                    "url" : "http://ww4.sinaimg.cn/large/9ccc7942gw1evn3e8uyf3j20go09vq5d.jpg",
                    "width" : "600",
                    "height" : "355"
                    },
                    "pic_id" : "9ccc7942gw1evn3e8uyf3j20go09vq5d",
                    "photo_tag" : 0,
                    "original" : {
                    "cut_type" : 1,
                    "type" : "JPEG",
                    "url" : "http://ww4.sinaimg.cn/woriginal/9ccc7942gw1evn3e8uyf3j20go09vq5d.jpg",
                    "width" : "600",
                    "height" : "355"
                    },
                    "object_id" : "1042018:869d41c548137d7ead1dbf151b70458a",
                    "middleplus" : {
                    "cut_type" : 1,
                    "type" : "WEBP",
                    "url" : "http://ww4.sinaimg.cn/or480/9ccc7942gw1evn3e8uyf3j20go09vq5d.jpg",
                    "width" : "600",
                    "height" : "355"
                    }
                },
                {
                    "thumbnail" : {
                    "cut_type" : 1,
                    "type" : "WEBP",
                    "url" : "http://ww2.sinaimg.cn/or180/9ccc7942gw1evn3dzwz4dj20dw09240p.jpg",
                    "width" : 230,
                    "height" : 150
                    },
                    "bmiddle" : {
                    "cut_type" : 1,
                    "type" : "WEBP",
                    "url" : "http://ww2.sinaimg.cn/or360/9ccc7942gw1evn3dzwz4dj20dw09240p.jpg",
                    "width" : 414,
                    "height" : 270
                    },
                    "large" : {
                    "cut_type" : 1,
                    "type" : "JPEG",
                    "url" : "http://ww2.sinaimg.cn/wap720/9ccc7942gw1evn3dzwz4dj20dw09240p.jpg",
                    "width" : "500",
                    "height" : "326"
                    },
                    "largest" : {
                    "cut_type" : 1,
                    "type" : "JPEG",
                    "url" : "http://ww2.sinaimg.cn/large/9ccc7942gw1evn3dzwz4dj20dw09240p.jpg",
                    "width" : "500",
                    "height" : "326"
                    },
                    "pic_id" : "9ccc7942gw1evn3dzwz4dj20dw09240p",
                    "photo_tag" : 0,
                    "original" : {
                    "cut_type" : 1,
                    "type" : "JPEG",
                    "url" : "http://ww2.sinaimg.cn/woriginal/9ccc7942gw1evn3dzwz4dj20dw09240p.jpg",
                    "width" : "500",
                    "height" : "326"
                    },
                    "object_id" : "1042018:2f96e045fdaf9b7187522aece06f2a87",
                    "middleplus" : {
                    "cut_type" : 1,
                    "type" : "WEBP",
                    "url" : "http://ww2.sinaimg.cn/or480/9ccc7942gw1evn3dzwz4dj20dw09240p.jpg",
                    "width" : "500",
                    "height" : "326"
                    }
                    
                }
            ]
        },
        {
            "text" : "[围观][围观][围观]//@Mike-乱港三千-Mr_元先森: Good [赞][赞][赞]",
            "idstr" : "3883087819608949",
            "source" : "",
            "source_allowclick" : 0,
            "source_url" : "",
            "created_at" : "Thu Sep 03 20:35:42 +0800 2015",
            "location" : "",
            "attitudes_status" : 1,
            "attitudes_count" : 1,
            "attitudes_list" : [
                {
                    "profile_image_url" : "http://tva3.sinaimg.cn/crop.0.6.264.264.180/93276e1fjw8f5c6ob1pmpj207g07jaa5.jpg",
                    "avatar_large" : "http://tva3.sinaimg.cn/crop.0.6.264.264.180/93276e1fjw8f5c6ob1pmpj207g07jaa5.jpg",
                    "idstr" : "61856069",
                    "screen_name" : "Mike-乱港三千-Mr_元先森"
                 }
            ],
            "comments_count" : 1,
            "comments_list" : [
                {
                "idstr" : "3883087819608940",
                "moment_idstr" :"3883087819608949",
                "text" : "哈哈哈，多谢夸奖，后期会不断完善微信朋友圈的具体功能，谢谢支持。[嘻嘻][嘻嘻][嘻嘻][嘻嘻]",
                "created_at" : "Fri Sep 04 00:06:04 +0800 2015",
                "from_user" : {
                    "profile_image_url" : "http://tva3.sinaimg.cn/crop.0.6.264.264.180/93276e1fjw8f5c6ob1pmpj207g07jaa5.jpg",
                    "avatar_large" : "http://tva3.sinaimg.cn/crop.0.6.264.264.180/93276e1fjw8f5c6ob1pmpj207g07jaa5.jpg",
                    "idstr" : "61856069",
                    "screen_name" : "Mike-乱港三千-Mr_元先森"
                },
                "to_user" : null
            }
            ],
            "type" : 2,
            "shareInfo" : {
                "title" : "iOS 基于MVVM设计模式的微信朋友圈开发",
                "thumbImage" : "http://tva3.sinaimg.cn/crop.0.6.264.264.180/93276e1fjw8f5c6ob1pmpj207g07jaa5.jpg",
                "url" : "https://www.jianshu.com/p/2f161f6a310f",
                "descr": "",
                "shareInfoType" : 0
            },
            "user" : {
                "profile_image_url" : "http://tp3.sinaimg.cn/1773655610/50/5728783840/1",
                "avatar_large" : "http://tp3.sinaimg.cn/1773655610/180/5728783840/1",
                "idstr" : "1773655610",
                "screen_name" : "优秀网页设计"
            }
        },
        {
            "text" : "#9.3胜利日大阅兵# 兵哥哥们实在是太可爱惹！求主持人此刻心理阴影面积 [笑cry]你们要的视频在此→http://t.cn/RyAr6rx",
            "idstr" : "3883026607726969",
            "source" : "",
            "source_allowclick" : 0,
            "source_url" : "",
            "created_at" : "Thu Sep 03 16:32:29 +0800 2015",
            "location" : "",
            "attitudes_status" : 0,
            "attitudes_count" : 0,
            "attitudes_list" : [

            ],
            "comments_count" : 0,
            "comments_list" : [

            ],
            "user" : {
                "profile_image_url" : "https://tvax2.sinaimg.cn/crop.0.0.750.750.180/005ATVcYly8fiuncraf1tj30ku0ku3zh.jpg",
                "avatar_large" : "http://tp1.sinaimg.cn/5125940208/180/5735552435/0",
                "idstr" : "5125940208",
                "screen_name" : "种子醒了会发芽吗"
            },
            "pic_infos" : [
                {
                    "thumbnail" : {
                    "cut_type" : 1,
                    "type" : "GIF",
                    "url" : "http://ww2.sinaimg.cn/or180/005ATVcYgw1evpch3o7a9g30b405jb2a.gif",
                    "width" : 301,
                    "height" : 150
                    },
                    "bmiddle" : {
                    "cut_type" : 1,
                    "type" : "GIF",
                    "url" : "http://ww2.sinaimg.cn/or360/005ATVcYgw1evpch3o7a9g30b405jb2a.gif",
                    "width" : "400",
                    "height" : "199"
                    },
                    "large" : {
                    "cut_type" : 1,
                    "type" : "GIF",
                    "url" : "http://ww2.sinaimg.cn/wap720/005ATVcYgw1evpch3o7a9g30b405jb2a.gif",
                    "width" : "400",
                    "height" : "199"
                    },
                    "largest" : {
                    "cut_type" : 1,
                    "type" : "GIF",
                    "url" : "http://ww2.sinaimg.cn/large/005ATVcYgw1evpch3o7a9g30b405jb2a.gif",
                    "width" : "400",
                    "height" : "199"
                    },
                    "pic_id" : "005ATVcYgw1evpch3o7a9g30b405jb2a",
                    "photo_tag" : 0,
                    "original" : {
                    "cut_type" : 1,
                    "type" : "GIF",
                    "url" : "http://ww2.sinaimg.cn/woriginal/005ATVcYgw1evpch3o7a9g30b405jb2a.gif",
                    "width" : "400",
                    "height" : "199"
                    },
                    "object_id" : "1042018:9942d52f1831eb045689e92c676348d0",
                    "middleplus" : {
                    "cut_type" : 1,
                    "type" : "GIF",
                    "url" : "http://ww2.sinaimg.cn/or480/005ATVcYgw1evpch3o7a9g30b405jb2a.gif",
                    "width" : "400",
                    "height" : "199"
                    }
                },
                {
                    "thumbnail" : {
                    "cut_type" : 1,
                    "type" : "GIF",
                    "url" : "http://ww2.sinaimg.cn/or180/005ATVcYgw1evpcf6x8bdg30b405j7wh.gif",
                    "width" : 301,
                    "height" : 150
                    },
                    "bmiddle" : {
                    "cut_type" : 1,
                    "type" : "GIF",
                    "url" : "http://ww2.sinaimg.cn/or360/005ATVcYgw1evpcf6x8bdg30b405j7wh.gif",
                    "width" : "400",
                    "height" : "199"
                    },
                    "large" : {
                    "cut_type" : 1,
                    "type" : "GIF",
                    "url" : "http://ww2.sinaimg.cn/wap720/005ATVcYgw1evpcf6x8bdg30b405j7wh.gif",
                    "width" : "400",
                    "height" : "199"
                    },
                    "largest" : {
                    "cut_type" : 1,
                    "type" : "GIF",
                    "url" : "http://ww2.sinaimg.cn/large/005ATVcYgw1evpcf6x8bdg30b405j7wh.gif",
                    "width" : "400",
                    "height" : "199"
                    },
                    "pic_id" : "005ATVcYgw1evpcf6x8bdg30b405j7wh",
                    "photo_tag" : 0,
                    "original" : {
                    "cut_type" : 1,
                    "type" : "GIF",
                    "url" : "http://ww2.sinaimg.cn/woriginal/005ATVcYgw1evpcf6x8bdg30b405j7wh.gif",
                    "width" : "400",
                    "height" : "199"
                    },
                    "object_id" : "1042018:9662c8fac8a5e2bd212180fc9dcfb6a4",
                    "middleplus" : {
                    "cut_type" : 1,
                    "type" : "GIF",
                    "url" : "http://ww2.sinaimg.cn/or480/005ATVcYgw1evpcf6x8bdg30b405j7wh.gif",
                    "width" : "400",
                    "height" : "199"
                    }
                },
                {
                    "thumbnail" : {
                    "cut_type" : 1,
                    "type" : "GIF",
                    "url" : "http://ww4.sinaimg.cn/or180/005ATVcYgw1evpcfcfpkug30b405ju0y.gif",
                    "width" : 301,
                    "height" : 150
                    },
                    "bmiddle" : {
                    "cut_type" : 1,
                    "type" : "GIF",
                    "url" : "http://ww4.sinaimg.cn/or360/005ATVcYgw1evpcfcfpkug30b405ju0y.gif",
                    "width" : "400",
                    "height" : "199"
                    },
                    "large" : {
                    "cut_type" : 1,
                    "type" : "GIF",
                    "url" : "http://ww4.sinaimg.cn/wap720/005ATVcYgw1evpcfcfpkug30b405ju0y.gif",
                    "width" : "400",
                    "height" : "199"
                    },
                    "largest" : {
                    "cut_type" : 1,
                    "type" : "GIF",
                    "url" : "http://ww4.sinaimg.cn/large/005ATVcYgw1evpcfcfpkug30b405ju0y.gif",
                    "width" : "400",
                    "height" : "199"
                    },
                    "pic_id" : "005ATVcYgw1evpcfcfpkug30b405ju0y",
                    "photo_tag" : 0,
                    "original" : {
                    "cut_type" : 1,
                    "type" : "GIF",
                    "url" : "http://ww4.sinaimg.cn/woriginal/005ATVcYgw1evpcfcfpkug30b405ju0y.gif",
                    "width" : "400",
                    "height" : "199"
                    },
                    "object_id" : "1042018:6be478c1cea246086e607f738b391a95",
                    "middleplus" : {
                    "cut_type" : 1,
                    "type" : "GIF",
                    "url" : "http://ww4.sinaimg.cn/or480/005ATVcYgw1evpcfcfpkug30b405ju0y.gif",
                    "width" : "400",
                    "height" : "199"
                    }
                },
                {
                    "thumbnail" : {
                    "cut_type" : 1,
                    "type" : "GIF",
                    "url" : "http://ww4.sinaimg.cn/or180/005ATVcYgw1evpcg5qbgdg30b405j1ky.gif",
                    "width" : 301,
                    "height" : 150
                    },
                    "bmiddle" : {
                    "cut_type" : 1,
                    "type" : "GIF",
                    "url" : "http://ww4.sinaimg.cn/or360/005ATVcYgw1evpcg5qbgdg30b405j1ky.gif",
                    "width" : "400",
                    "height" : "199"
                    },
                    "large" : {
                    "cut_type" : 1,
                    "type" : "GIF",
                    "url" : "http://ww4.sinaimg.cn/wap720/005ATVcYgw1evpcg5qbgdg30b405j1ky.gif",
                    "width" : "400",
                    "height" : "199"
                    },
                    "largest" : {
                    "cut_type" : 1,
                    "type" : "GIF",
                    "url" : "http://ww4.sinaimg.cn/large/005ATVcYgw1evpcg5qbgdg30b405j1ky.gif",
                    "width" : "400",
                    "height" : "199"
                    },
                    "pic_id" : "005ATVcYgw1evpcg5qbgdg30b405j1ky",
                    "photo_tag" : 0,
                    "original" : {
                    "cut_type" : 1,
                    "type" : "GIF",
                    "url" : "http://ww4.sinaimg.cn/woriginal/005ATVcYgw1evpcg5qbgdg30b405j1ky.gif",
                    "width" : "400",
                    "height" : "199"
                    },
                    "object_id" : "1042018:6502f0b914a6d9864d4ad6416b8e9275",
                    "middleplus" : {
                    "cut_type" : 1,
                    "type" : "GIF",
                    "url" : "http://ww4.sinaimg.cn/or480/005ATVcYgw1evpcg5qbgdg30b405j1ky.gif",
                    "width" : "400",
                    "height" : "199"
                    }
                }
            ]
        },
        {
            "text" : "#Lightroom# 【第136期】Lightroom简单几步 把城市风光烂片变商业大片，值得借鉴学习，转需~（摄影，后期@丞曳-faketo）",
            "idstr" : "3883049903120564",
            "source" : "",
            "source_allowclick" : 0,
            "source_url" : "",
            "created_at" : "Thu Sep 03 18:05:02 +0800 2015",
            "location" : "",
            "attitudes_status" : 0,
            "attitudes_count" : 0,
            "attitudes_list" : [

            ],
            "comments_count" : 0,
            "comments_list" : [

            ],
            "user" : {
                "profile_image_url" : "http://tp3.sinaimg.cn/3704303362/50/5731726065/0",
                "avatar_large" : "http://tp3.sinaimg.cn/3704303362/180/5731726065/0",
                "idstr" : "3704303362",
                "screen_name" : "Lightroom资源库"
            },
            "pic_infos" : [
                {
                    "thumbnail" : {
                    "cut_type" : 1,
                    "type" : "WEBP",
                    "url" : "http://ww2.sinaimg.cn/or180/dccb2f02gw1evmx6atv0qj20dw095ac7.jpg",
                    "width" : 227,
                    "height" : 150
                    },
                    "bmiddle" : {
                    "cut_type" : 1,
                    "type" : "WEBP",
                    "url" : "http://ww2.sinaimg.cn/or360/dccb2f02gw1evmx6atv0qj20dw095ac7.jpg",
                    "width" : 410,
                    "height" : 270
                    },
                    "large" : {
                    "cut_type" : 1,
                    "type" : "JPEG",
                    "url" : "http://ww2.sinaimg.cn/wap720/dccb2f02gw1evmx6atv0qj20dw095ac7.jpg",
                    "width" : "500",
                    "height" : "329"
                    },
                    "largest" : {
                    "cut_type" : 1,
                    "type" : "JPEG",
                    "url" : "http://ww2.sinaimg.cn/large/dccb2f02gw1evmx6atv0qj20dw095ac7.jpg",
                    "width" : "500",
                    "height" : "329"
                    },
                    "pic_id" : "dccb2f02gw1evmx6atv0qj20dw095ac7",
                    "photo_tag" : 0,
                    "original" : {
                    "cut_type" : 1,
                    "type" : "JPEG",
                    "url" : "http://ww2.sinaimg.cn/woriginal/dccb2f02gw1evmx6atv0qj20dw095ac7.jpg",
                    "width" : "500",
                    "height" : "329"
                    },
                    "object_id" : "1042018:97abcd90be95bc90a05781da896481ea",
                    "middleplus" : {
                    "cut_type" : 1,
                    "type" : "WEBP",
                    "url" : "http://ww2.sinaimg.cn/or480/dccb2f02gw1evmx6atv0qj20dw095ac7.jpg",
                    "width" : "500",
                    "height" : "329"
                    }
                },
                {
                    "thumbnail" : {
                    "cut_type" : 1,
                    "type" : "WEBP",
                    "url" : "http://ww1.sinaimg.cn/or180/dccb2f02gw1evmx6gn06tj20c80gowg3.jpg",
                    "width" : 180,
                    "height" : 245
                    },
                    "bmiddle" : {
                    "cut_type" : 1,
                    "type" : "WEBP",
                    "url" : "http://ww1.sinaimg.cn/or360/dccb2f02gw1evmx6gn06tj20c80gowg3.jpg",
                    "width" : 360,
                    "height" : 490
                    },
                    "large" : {
                    "cut_type" : 1,
                    "type" : "JPEG",
                    "url" : "http://ww1.sinaimg.cn/wap720/dccb2f02gw1evmx6gn06tj20c80gowg3.jpg",
                    "width" : "440",
                    "height" : "600"
                    },
                    "largest" : {
                    "cut_type" : 1,
                    "type" : "JPEG",
                    "url" : "http://ww1.sinaimg.cn/large/dccb2f02gw1evmx6gn06tj20c80gowg3.jpg",
                    "width" : "440",
                    "height" : "600"
                    },
                    "pic_id" : "dccb2f02gw1evmx6gn06tj20c80gowg3",
                    "photo_tag" : 0,
                    "original" : {
                    "cut_type" : 1,
                    "type" : "JPEG",
                    "url" : "http://ww1.sinaimg.cn/woriginal/dccb2f02gw1evmx6gn06tj20c80gowg3.jpg",
                    "width" : "440",
                    "height" : "600"
                    },
                    "object_id" : "1042018:87c800c883e00d706eef850a81712b6f",
                    "middleplus" : {
                    "cut_type" : 1,
                    "type" : "WEBP",
                    "url" : "http://ww1.sinaimg.cn/or480/dccb2f02gw1evmx6gn06tj20c80gowg3.jpg",
                    "width" : "440",
                    "height" : "600"
                    }
                },
                {
                    "thumbnail" : {
                    "cut_type" : 1,
                    "type" : "WEBP",
                    "url" : "http://ww1.sinaimg.cn/or180/dccb2f02gw1evmx6d0nkbj20dw09aabx.jpg",
                    "width" : 224,
                    "height" : 150
                    },
                    "bmiddle" : {
                    "cut_type" : 1,
                    "type" : "WEBP",
                    "url" : "http://ww1.sinaimg.cn/or360/dccb2f02gw1evmx6d0nkbj20dw09aabx.jpg",
                    "width" : 404,
                    "height" : 270
                    },
                    "large" : {
                    "cut_type" : 1,
                    "type" : "JPEG",
                    "url" : "http://ww1.sinaimg.cn/wap720/dccb2f02gw1evmx6d0nkbj20dw09aabx.jpg",
                    "width" : "500",
                    "height" : "334"
                    },
                    "largest" : {
                    "cut_type" : 1,
                    "type" : "JPEG",
                    "url" : "http://ww1.sinaimg.cn/large/dccb2f02gw1evmx6d0nkbj20dw09aabx.jpg",
                    "width" : "500",
                    "height" : "334"
                    },
                    "pic_id" : "dccb2f02gw1evmx6d0nkbj20dw09aabx",
                    "photo_tag" : 0,
                    "original" : {
                    "cut_type" : 1,
                    "type" : "JPEG",
                    "url" : "http://ww1.sinaimg.cn/woriginal/dccb2f02gw1evmx6d0nkbj20dw09aabx.jpg",
                    "width" : "500",
                    "height" : "334"
                    },
                    "object_id" : "1042018:5b71514bea79ffda060492065d06edef",
                    "middleplus" : {
                    "cut_type" : 1,
                    "type" : "WEBP",
                    "url" : "http://ww1.sinaimg.cn/or480/dccb2f02gw1evmx6d0nkbj20dw09aabx.jpg",
                    "width" : "500",
                    "height" : "334"
                    }
                },
                {
                    "thumbnail" : {
                    "cut_type" : 1,
                    "type" : "WEBP",
                    "url" : "http://ww2.sinaimg.cn/or180/dccb2f02gw1evmx6gidj4j20c80gomz7.jpg",
                    "width" : 180,
                    "height" : 245
                    },
                    "bmiddle" : {
                    "cut_type" : 1,
                    "type" : "WEBP",
                    "url" : "http://ww2.sinaimg.cn/or360/dccb2f02gw1evmx6gidj4j20c80gomz7.jpg",
                    "width" : 360,
                    "height" : 490
                    },
                    "large" : {
                    "cut_type" : 1,
                    "type" : "JPEG",
                    "url" : "http://ww2.sinaimg.cn/wap720/dccb2f02gw1evmx6gidj4j20c80gomz7.jpg",
                    "width" : "440",
                    "height" : "600"
                    },
                    "largest" : {
                    "cut_type" : 1,
                    "type" : "JPEG",
                    "url" : "http://ww2.sinaimg.cn/large/dccb2f02gw1evmx6gidj4j20c80gomz7.jpg",
                    "width" : "440",
                    "height" : "600"
                    },
                    "pic_id" : "dccb2f02gw1evmx6gidj4j20c80gomz7",
                    "photo_tag" : 0,
                    "original" : {
                    "cut_type" : 1,
                    "type" : "JPEG",
                    "url" : "http://ww2.sinaimg.cn/woriginal/dccb2f02gw1evmx6gidj4j20c80gomz7.jpg",
                    "width" : "440",
                    "height" : "600"
                    },
                    "object_id" : "1042018:75941bc935ad3e75af1c82801ed05317",
                    "middleplus" : {
                    "cut_type" : 1,
                    "type" : "WEBP",
                    "url" : "http://ww2.sinaimg.cn/or480/dccb2f02gw1evmx6gidj4j20c80gomz7.jpg",
                    "width" : "440",
                    "height" : "600"
                    }
                },
                {
                    "thumbnail" : {
                    "cut_type" : 1,
                    "type" : "WEBP",
                    "url" : "http://ww3.sinaimg.cn/or180/dccb2f02gw1evmx6gkkcrj20c80goaav.jpg",
                    "width" : 180,
                    "height" : 245
                    },
                    "bmiddle" : {
                    "cut_type" : 1,
                    "type" : "WEBP",
                    "url" : "http://ww3.sinaimg.cn/or360/dccb2f02gw1evmx6gkkcrj20c80goaav.jpg",
                    "width" : 360,
                    "height" : 490
                    },
                    "large" : {
                    "cut_type" : 1,
                    "type" : "JPEG",
                    "url" : "http://ww3.sinaimg.cn/wap720/dccb2f02gw1evmx6gkkcrj20c80goaav.jpg",
                    "width" : "440",
                    "height" : "600"
                    },
                    "largest" : {
                    "cut_type" : 1,
                    "type" : "JPEG",
                    "url" : "http://ww3.sinaimg.cn/large/dccb2f02gw1evmx6gkkcrj20c80goaav.jpg",
                    "width" : "440",
                    "height" : "600"
                    },
                    "pic_id" : "dccb2f02gw1evmx6gkkcrj20c80goaav",
                    "photo_tag" : 0,
                    "original" : {
                    "cut_type" : 1,
                    "type" : "JPEG",
                    "url" : "http://ww3.sinaimg.cn/woriginal/dccb2f02gw1evmx6gkkcrj20c80goaav.jpg",
                    "width" : "440",
                    "height" : "600"
                    },
                    "object_id" : "1042018:f7d7ac74aa4e2b983365582aa1ac8b97",
                    "middleplus" : {
                    "cut_type" : 1,
                    "type" : "WEBP",
                    "url" : "http://ww3.sinaimg.cn/or480/dccb2f02gw1evmx6gkkcrj20c80goaav.jpg",
                    "width" : "440",
                    "height" : "600"
                    }
                },
                {
                    "thumbnail" : {
                    "cut_type" : 1,
                    "type" : "WEBP",
                    "url" : "http://ww2.sinaimg.cn/or180/dccb2f02gw1evmx6h2atwj20c80go3zp.jpg",
                    "width" : 180,
                    "height" : 245
                    },
                    "bmiddle" : {
                    "cut_type" : 1,
                    "type" : "WEBP",
                    "url" : "http://ww2.sinaimg.cn/or360/dccb2f02gw1evmx6h2atwj20c80go3zp.jpg",
                    "width" : 360,
                    "height" : 490
                    },
                    "large" : {
                    "cut_type" : 1,
                    "type" : "JPEG",
                    "url" : "http://ww2.sinaimg.cn/wap720/dccb2f02gw1evmx6h2atwj20c80go3zp.jpg",
                    "width" : "440",
                    "height" : "600"
                    },
                    "largest" : {
                    "cut_type" : 1,
                    "type" : "JPEG",
                    "url" : "http://ww2.sinaimg.cn/large/dccb2f02gw1evmx6h2atwj20c80go3zp.jpg",
                    "width" : "440",
                    "height" : "600"
                    },
                    "pic_id" : "dccb2f02gw1evmx6h2atwj20c80go3zp",
                    "photo_tag" : 0,
                    "original" : {
                    "cut_type" : 1,
                    "type" : "JPEG",
                    "url" : "http://ww2.sinaimg.cn/woriginal/dccb2f02gw1evmx6h2atwj20c80go3zp.jpg",
                    "width" : "440",
                    "height" : "600"
                    },
                    "object_id" : "1042018:a01fabfea54dd959d82c47282ad42e34",
                    "middleplus" : {
                    "cut_type" : 1,
                    "type" : "WEBP",
                    "url" : "http://ww2.sinaimg.cn/or480/dccb2f02gw1evmx6h2atwj20c80go3zp.jpg",
                    "width" : "440",
                    "height" : "600"
                    }
                },
                {
                    "thumbnail" : {
                    "cut_type" : 1,
                    "type" : "WEBP",
                    "url" : "http://ww1.sinaimg.cn/or180/dccb2f02gw1evmx6hh6kij20c80cadh9.jpg",
                    "width" : 180,
                    "height" : 180
                    },
                    "bmiddle" : {
                    "cut_type" : 1,
                    "type" : "WEBP",
                    "url" : "http://ww1.sinaimg.cn/or360/dccb2f02gw1evmx6hh6kij20c80cadh9.jpg",
                    "width" : 360,
                    "height" : 361
                    },
                    "large" : {
                    "cut_type" : 1,
                    "type" : "JPEG",
                    "url" : "http://ww1.sinaimg.cn/wap720/dccb2f02gw1evmx6hh6kij20c80cadh9.jpg",
                    "width" : "440",
                    "height" : "442"
                    },
                    "largest" : {
                    "cut_type" : 1,
                    "type" : "JPEG",
                    "url" : "http://ww1.sinaimg.cn/large/dccb2f02gw1evmx6hh6kij20c80cadh9.jpg",
                    "width" : "440",
                    "height" : "442"
                    },
                    "pic_id" : "dccb2f02gw1evmx6hh6kij20c80cadh9",
                    "photo_tag" : 0,
                    "original" : {
                    "cut_type" : 1,
                    "type" : "JPEG",
                    "url" : "http://ww1.sinaimg.cn/woriginal/dccb2f02gw1evmx6hh6kij20c80cadh9.jpg",
                    "width" : "440",
                    "height" : "442"
                    },
                    "object_id" : "1042018:983d410db5caf6ed0dcd9357cfb2b7f9",
                    "middleplus" : {
                    "cut_type" : 1,
                    "type" : "WEBP",
                    "url" : "http://ww1.sinaimg.cn/or480/dccb2f02gw1evmx6hh6kij20c80cadh9.jpg",
                    "width" : "440",
                    "height" : "442"
                    }
                }
            ]
        },
        {
            "text" : "【颜值担当！20款全球知名设计师的顶尖字体打包下载】不同于中文字体的方正撇捺，英文字体的变化更显得充满个性和想象。从火车铁轨、运动激进分子、文化风潮、怀旧书信…中获取灵感，每个字体背后的设计… @优秀网页设计  戳链接→ http://t.cn/RyZHvT1",
            "idstr" : "3882076464183670",
            "source" : "0",
            "source_allowclick" : 0,
            "source_url" : "",
            "created_at" : "Tue Sep 01 01:36:56 +0800 2015",
            "location" : "",
            "attitudes_status" : 0,
            "attitudes_count" : 0,
            "attitudes_list" : [

            ],
            "comments_count" : 0,
            "comments_list" : [

            ],
            "user" : {
                "profile_image_url" : "http://tp1.sinaimg.cn/1869807504/50/40095858411/1",
                "avatar_large" : "http://tp1.sinaimg.cn/1869807504/180/40095858411/1",
                "idstr" : "1869807504",
                "screen_name" : "somebodynone"
            },
            "pic_infos" : [
                {
                    "thumbnail" : {
                    "cut_type" : 1,
                    "type" : "WEBP",
                    "url" : "http://ww1.sinaimg.cn/or180/6f72ff90jw1evmbfnkyh0j20j604gabu.jpg",
                    "width" : 499,
                    "height" : 150
                    },
                    "bmiddle" : {
                    "cut_type" : 1,
                    "type" : "WEBP",
                    "url" : "http://ww1.sinaimg.cn/or360/6f72ff90jw1evmbfnkyh0j20j604gabu.jpg",
                    "width" : 533,
                    "height" : "160"
                    },
                    "large" : {
                    "cut_type" : 1,
                    "type" : "JPEG",
                    "url" : "http://ww1.sinaimg.cn/wap720/6f72ff90jw1evmbfnkyh0j20j604gabu.jpg",
                    "width" : "690",
                    "height" : "160"
                    },
                    "largest" : {
                    "cut_type" : 1,
                    "type" : "JPEG",
                    "url" : "http://ww1.sinaimg.cn/large/6f72ff90jw1evmbfnkyh0j20j604gabu.jpg",
                    "width" : "690",
                    "height" : "160"
                    },
                    "pic_id" : "6f72ff90jw1evmbfnkyh0j20j604gabu",
                    "photo_tag" : 0,
                    "original" : {
                    "cut_type" : 1,
                    "type" : "JPEG",
                    "url" : "http://ww1.sinaimg.cn/woriginal/6f72ff90jw1evmbfnkyh0j20j604gabu.jpg",
                    "width" : "690",
                    "height" : "160"
                    },
                    "keep_size" : 1,
                    "object_id" : "1042018:1c9ad0dbf7138f9cafecb3382681bd91",
                    "middleplus" : {
                    "cut_type" : 1,
                    "type" : "WEBP",
                    "url" : "http://ww1.sinaimg.cn/or480/6f72ff90jw1evmbfnkyh0j20j604gabu.jpg",
                    "width" : 533,
                    "height" : "160"
                    }
                }
            ]
        },
        {
            "text" : "#原画人腾讯课堂# ✿◡‿◡上课温馨提示 ：今晚 (9:30-11:30) 是@NWA守川文化 刘卓老师的《角色插图》课堂→http://t.cn/RLpESkh ，有问题的同学还可以上课期间问老师哟，燥起来吧~[阴险]",
            "idstr" : "3880545903506228",
            "source" : "",
            "source_allowclick" : 0,
            "source_url" : "",
            "created_at" : "Thu Aug 27 20:15:03 +0800 2015",
            "location" : "",
            "attitudes_status" : 0,
            "attitudes_count" : 0,
            "attitudes_list" : [

            ],
            "comments_count" : 0,
            "comments_list" : [

            ],
            "user" : {
                "profile_image_url" : "https://tva4.sinaimg.cn/crop.0.0.179.179.180/5306c1d3gw1egsy6otv01j2050050aag.jpg",
                "avatar_large" : "http://tp4.sinaimg.cn/1392951763/180/40055887613/1",
                "idstr" : "1392951763",
                "screen_name" : "原画人官方微博"
            },
            "pic_infos" : [
                {
                    "thumbnail" : {
                    "cut_type" : 1,
                    "type" : "WEBP",
                    "url" : "http://ww3.sinaimg.cn/or180/5306c1d3gw1evhajdmo75j20jg0yk466.jpg",
                    "width" : 180,
                    "height" : 319
                    },
                    "bmiddle" : {
                    "cut_type" : 1,
                    "type" : "WEBP",
                    "url" : "http://ww3.sinaimg.cn/or360/5306c1d3gw1evhajdmo75j20jg0yk466.jpg",
                    "width" : 360,
                    "height" : 639
                    },
                    "large" : {
                    "cut_type" : 1,
                    "type" : "JPEG",
                    "url" : "http://ww3.sinaimg.cn/wap720/5306c1d3gw1evhajdmo75j20jg0yk466.jpg",
                    "width" : "700",
                    "height" : "1244"
                    },
                    "largest" : {
                    "cut_type" : 1,
                    "type" : "JPEG",
                    "url" : "http://ww3.sinaimg.cn/large/5306c1d3gw1evhajdmo75j20jg0yk466.jpg",
                    "width" : "700",
                    "height" : "1244"
                    },
                    "pic_id" : "5306c1d3gw1evhajdmo75j20jg0yk466",
                    "photo_tag" : 0,
                    "original" : {
                    "cut_type" : 1,
                    "type" : "JPEG",
                    "url" : "http://ww3.sinaimg.cn/woriginal/5306c1d3gw1evhajdmo75j20jg0yk466.jpg",
                    "width" : "700",
                    "height" : "1244"
                    },
                    "object_id" : "1042018:d564854ebefe8732af70af9eae0b25e9",
                    "middleplus" : {
                    "cut_type" : 1,
                    "type" : "WEBP",
                    "url" : "http://ww3.sinaimg.cn/or480/5306c1d3gw1evhajdmo75j20jg0yk466.jpg",
                    "width" : 480,
                    "height" : 853
                    }
                },
                {
                    "thumbnail" : {
                    "cut_type" : 1,
                    "type" : "WEBP",
                    "url" : "http://ww1.sinaimg.cn/or180/5306c1d3gw1evhak06ji8j20rs1117f2.jpg",
                    "width" : 180,
                    "height" : 239
                    },
                    "bmiddle" : {
                    "cut_type" : 1,
                    "type" : "WEBP",
                    "url" : "http://ww1.sinaimg.cn/or360/5306c1d3gw1evhak06ji8j20rs1117f2.jpg",
                    "width" : 360,
                    "height" : 479
                    },
                    "large" : {
                    "cut_type" : 1,
                    "type" : "JPEG",
                    "url" : "http://ww1.sinaimg.cn/wap720/5306c1d3gw1evhak06ji8j20rs1117f2.jpg",
                    "width" : 720,
                    "height" : 959
                    },
                    "largest" : {
                    "cut_type" : 1,
                    "type" : "JPEG",
                    "url" : "http://ww1.sinaimg.cn/large/5306c1d3gw1evhak06ji8j20rs1117f2.jpg",
                    "width" : "1000",
                    "height" : "1333"
                    },
                    "pic_id" : "5306c1d3gw1evhak06ji8j20rs1117f2",
                    "photo_tag" : 0,
                    "original" : {
                    "cut_type" : 1,
                    "type" : "JPEG",
                    "url" : "http://ww1.sinaimg.cn/woriginal/5306c1d3gw1evhak06ji8j20rs1117f2.jpg",
                    "width" : "1000",
                    "height" : "1333"
                    },
                    "object_id" : "1042018:5fef41dfba35eab7ccf43f6600de8b51",
                    "middleplus" : {
                    "cut_type" : 1,
                    "type" : "WEBP",
                    "url" : "http://ww1.sinaimg.cn/or480/5306c1d3gw1evhak06ji8j20rs1117f2.jpg",
                    "width" : 480,
                    "height" : 639
                    }
                },
                {
                    "thumbnail" : {
                    "cut_type" : 1,
                    "type" : "WEBP",
                    "url" : "http://ww2.sinaimg.cn/or180/5306c1d3gw1evhajq8yv4j20p00um12k.jpg",
                    "width" : 180,
                    "height" : 220
                    },
                    "bmiddle" : {
                    "cut_type" : 1,
                    "type" : "WEBP",
                    "url" : "http://ww2.sinaimg.cn/or360/5306c1d3gw1evhajq8yv4j20p00um12k.jpg",
                    "width" : 360,
                    "height" : 440
                    },
                    "large" : {
                    "cut_type" : 1,
                    "type" : "JPEG",
                    "url" : "http://ww2.sinaimg.cn/wap720/5306c1d3gw1evhajq8yv4j20p00um12k.jpg",
                    "width" : 720,
                    "height" : 881
                    },
                    "largest" : {
                    "cut_type" : 1,
                    "type" : "JPEG",
                    "url" : "http://ww2.sinaimg.cn/large/5306c1d3gw1evhajq8yv4j20p00um12k.jpg",
                    "width" : "900",
                    "height" : "1102"
                    },
                    "pic_id" : "5306c1d3gw1evhajq8yv4j20p00um12k",
                    "photo_tag" : 0,
                    "original" : {
                    "cut_type" : 1,
                    "type" : "JPEG",
                    "url" : "http://ww2.sinaimg.cn/woriginal/5306c1d3gw1evhajq8yv4j20p00um12k.jpg",
                    "width" : "900",
                    "height" : "1102"
                    },
                    "object_id" : "1042018:244ebac03cdf380185ec1c4dfea48323",
                    "middleplus" : {
                    "cut_type" : 1,
                    "type" : "WEBP",
                    "url" : "http://ww2.sinaimg.cn/or480/5306c1d3gw1evhajq8yv4j20p00um12k.jpg",
                    "width" : 480,
                    "height" : 587
                    }
                },
                {
                    "thumbnail" : {
                    "cut_type" : 1,
                    "type" : "WEBP",
                    "url" : "http://ww1.sinaimg.cn/or180/5306c1d3gw1evhajuopqdj20vl13en4z.jpg",
                    "width" : 180,
                    "height" : 224
                    },
                    "bmiddle" : {
                    "cut_type" : 1,
                    "type" : "WEBP",
                    "url" : "http://ww1.sinaimg.cn/or360/5306c1d3gw1evhajuopqdj20vl13en4z.jpg",
                    "width" : 360,
                    "height" : 448
                    },
                    "large" : {
                    "cut_type" : 1,
                    "type" : "JPEG",
                    "url" : "http://ww1.sinaimg.cn/wap720/5306c1d3gw1evhajuopqdj20vl13en4z.jpg",
                    "width" : 720,
                    "height" : 897
                    },
                    "largest" : {
                    "cut_type" : 1,
                    "type" : "JPEG",
                    "url" : "http://ww1.sinaimg.cn/large/5306c1d3gw1evhajuopqdj20vl13en4z.jpg",
                    "width" : "1137",
                    "height" : "1418"
                    },
                    "pic_id" : "5306c1d3gw1evhajuopqdj20vl13en4z",
                    "photo_tag" : 0,
                    "original" : {
                    "cut_type" : 1,
                    "type" : "JPEG",
                    "url" : "http://ww1.sinaimg.cn/woriginal/5306c1d3gw1evhajuopqdj20vl13en4z.jpg",
                    "width" : "1137",
                    "height" : "1418"
                    },
                    "object_id" : "1042018:c7c5ff713229060376a19328561f7145",
                    "middleplus" : {
                    "cut_type" : 1,
                    "type" : "WEBP",
                    "url" : "http://ww1.sinaimg.cn/or480/5306c1d3gw1evhajuopqdj20vl13en4z.jpg",
                    "width" : 480,
                    "height" : 598
                    }
                },
                {
                    "thumbnail" : {
                    "cut_type" : 1,
                    "type" : "WEBP",
                    "url" : "http://ww3.sinaimg.cn/or180/5306c1d3gw1evhajwbsn6j20p00vb487.jpg",
                    "width" : 180,
                    "height" : 225
                    },
                    "bmiddle" : {
                    "cut_type" : 1,
                    "type" : "WEBP",
                    "url" : "http://ww3.sinaimg.cn/or360/5306c1d3gw1evhajwbsn6j20p00vb487.jpg",
                    "width" : 360,
                    "height" : 450
                    },
                    "large" : {
                    "cut_type" : 1,
                    "type" : "JPEG",
                    "url" : "http://ww3.sinaimg.cn/wap720/5306c1d3gw1evhajwbsn6j20p00vb487.jpg",
                    "width" : 720,
                    "height" : 901
                    },
                    "largest" : {
                    "cut_type" : 1,
                    "type" : "JPEG",
                    "url" : "http://ww3.sinaimg.cn/large/5306c1d3gw1evhajwbsn6j20p00vb487.jpg",
                    "width" : "900",
                    "height" : "1127"
                    },
                    "pic_id" : "5306c1d3gw1evhajwbsn6j20p00vb487",
                    "photo_tag" : 0,
                    "original" : {
                    "cut_type" : 1,
                    "type" : "JPEG",
                    "url" : "http://ww3.sinaimg.cn/woriginal/5306c1d3gw1evhajwbsn6j20p00vb487.jpg",
                    "width" : "900",
                    "height" : "1127"
                    },
                    "object_id" : "1042018:be389f440c96e5d4c45566c0516b706a",
                    "middleplus" : {
                    "cut_type" : 1,
                    "type" : "WEBP",
                    "url" : "http://ww3.sinaimg.cn/or480/5306c1d3gw1evhajwbsn6j20p00vb487.jpg",
                    "width" : 480,
                    "height" : 601
                    }
                },
                {
                    "thumbnail" : {
                    "cut_type" : 1,
                    "type" : "WEBP",
                    "url" : "http://ww2.sinaimg.cn/or180/5306c1d3gw1evhajyilblj20p00xcwon.jpg",
                    "width" : 180,
                    "height" : 240
                    },
                    "bmiddle" : {
                    "cut_type" : 1,
                    "type" : "WEBP",
                    "url" : "http://ww2.sinaimg.cn/or360/5306c1d3gw1evhajyilblj20p00xcwon.jpg",
                    "width" : 360,
                    "height" : 480
                    },
                    "large" : {
                    "cut_type" : 1,
                    "type" : "JPEG",
                    "url" : "http://ww2.sinaimg.cn/wap720/5306c1d3gw1evhajyilblj20p00xcwon.jpg",
                    "width" : 720,
                    "height" : 960
                    },
                    "largest" : {
                    "cut_type" : 1,
                    "type" : "JPEG",
                    "url" : "http://ww2.sinaimg.cn/large/5306c1d3gw1evhajyilblj20p00xcwon.jpg",
                    "width" : "900",
                    "height" : "1200"
                    },
                    "pic_id" : "5306c1d3gw1evhajyilblj20p00xcwon",
                    "photo_tag" : 0,
                    "original" : {
                    "cut_type" : 1,
                    "type" : "JPEG",
                    "url" : "http://ww2.sinaimg.cn/woriginal/5306c1d3gw1evhajyilblj20p00xcwon.jpg",
                    "width" : "900",
                    "height" : "1200"
                    },
                    "object_id" : "1042018:3cdaa6e7e90fb04e1d0002165b4bbcf6",
                    "middleplus" : {
                    "cut_type" : 1,
                    "type" : "WEBP",
                    "url" : "http://ww2.sinaimg.cn/or480/5306c1d3gw1evhajyilblj20p00xcwon.jpg",
                    "width" : 480,
                    "height" : 640
                    }
                },
                {
                    "thumbnail" : {
                    "cut_type" : 1,
                    "type" : "WEBP",
                    "url" : "http://ww1.sinaimg.cn/or180/5306c1d3gw1evhajzdr5cj20rs111tkr.jpg",
                    "width" : 180,
                    "height" : 239
                    },
                    "bmiddle" : {
                    "cut_type" : 1,
                    "type" : "WEBP",
                    "url" : "http://ww1.sinaimg.cn/or360/5306c1d3gw1evhajzdr5cj20rs111tkr.jpg",
                    "width" : 360,
                    "height" : 479
                    },
                    "large" : {
                    "cut_type" : 1,
                    "type" : "JPEG",
                    "url" : "http://ww1.sinaimg.cn/wap720/5306c1d3gw1evhajzdr5cj20rs111tkr.jpg",
                    "width" : 720,
                    "height" : 959
                    },
                    "largest" : {
                    "cut_type" : 1,
                    "type" : "JPEG",
                    "url" : "http://ww1.sinaimg.cn/large/5306c1d3gw1evhajzdr5cj20rs111tkr.jpg",
                    "width" : "1000",
                    "height" : "1333"
                    },
                    "pic_id" : "5306c1d3gw1evhajzdr5cj20rs111tkr",
                    "photo_tag" : 0,
                    "original" : {
                    "cut_type" : 1,
                    "type" : "JPEG",
                    "url" : "http://ww1.sinaimg.cn/woriginal/5306c1d3gw1evhajzdr5cj20rs111tkr.jpg",
                    "width" : "1000",
                    "height" : "1333"
                    },
                    "object_id" : "1042018:249b49c754cd09bbf3670f5b68ecf76d",
                    "middleplus" : {
                    "cut_type" : 1,
                    "type" : "WEBP",
                    "url" : "http://ww1.sinaimg.cn/or480/5306c1d3gw1evhajzdr5cj20rs111tkr.jpg",
                    "width" : 480,
                    "height" : 639
                    }
                },
                {
                    "thumbnail" : {
                    "cut_type" : 1,
                    "type" : "WEBP",
                    "url" : "http://ww1.sinaimg.cn/or180/5306c1d3gw1evhaiq4i8cj20u00gwjts.jpg",
                    "width" : 266,
                    "height" : 150
                    },
                    "bmiddle" : {
                    "cut_type" : 1,
                    "type" : "WEBP",
                    "url" : "http://ww1.sinaimg.cn/or360/5306c1d3gw1evhaiq4i8cj20u00gwjts.jpg",
                    "width" : 479,
                    "height" : 270
                    },
                    "large" : {
                    "cut_type" : 1,
                    "type" : "JPEG",
                    "url" : "http://ww1.sinaimg.cn/wap720/5306c1d3gw1evhaiq4i8cj20u00gwjts.jpg",
                    "width" : 720,
                    "height" : 405
                    },
                    "largest" : {
                    "cut_type" : 1,
                    "type" : "JPEG",
                    "url" : "http://ww1.sinaimg.cn/large/5306c1d3gw1evhaiq4i8cj20u00gwjts.jpg",
                    "width" : "1080",
                    "height" : "608"
                    },
                    "pic_id" : "5306c1d3gw1evhaiq4i8cj20u00gwjts",
                    "photo_tag" : 0,
                    "original" : {
                    "cut_type" : 1,
                    "type" : "JPEG",
                    "url" : "http://ww1.sinaimg.cn/woriginal/5306c1d3gw1evhaiq4i8cj20u00gwjts.jpg",
                    "width" : "1080",
                    "height" : "608"
                    },
                    "object_id" : "1042018:493bb9cf51b45c5d0787cce86af524c0",
                    "middleplus" : {
                    "cut_type" : 1,
                    "type" : "WEBP",
                    "url" : "http://ww1.sinaimg.cn/or480/5306c1d3gw1evhaiq4i8cj20u00gwjts.jpg",
                    "width" : 639,
                    "height" : 360
                    }
                },
                {
                    "thumbnail" : {
                    "cut_type" : 1,
                    "type" : "WEBP",
                    "url" : "http://ww1.sinaimg.cn/or180/5306c1d3gw1evhajvkp86j20p00xc14w.jpg",
                    "width" : 180,
                    "height" : 240
                    },
                    "bmiddle" : {
                    "cut_type" : 1,
                    "type" : "WEBP",
                    "url" : "http://ww1.sinaimg.cn/or360/5306c1d3gw1evhajvkp86j20p00xc14w.jpg",
                    "width" : 360,
                    "height" : 480
                    },
                    "large" : {
                    "cut_type" : 1,
                    "type" : "JPEG",
                    "url" : "http://ww1.sinaimg.cn/wap720/5306c1d3gw1evhajvkp86j20p00xc14w.jpg",
                    "width" : 720,
                    "height" : 960
                    },
                    "largest" : {
                    "cut_type" : 1,
                    "type" : "JPEG",
                    "url" : "http://ww1.sinaimg.cn/large/5306c1d3gw1evhajvkp86j20p00xc14w.jpg",
                    "width" : "900",
                    "height" : "1200"
                    },
                    "pic_id" : "5306c1d3gw1evhajvkp86j20p00xc14w",
                    "photo_tag" : 0,
                    "original" : {
                    "cut_type" : 1,
                    "type" : "JPEG",
                    "url" : "http://ww1.sinaimg.cn/woriginal/5306c1d3gw1evhajvkp86j20p00xc14w.jpg",
                    "width" : "900",
                    "height" : "1200"
                    },
                    "object_id" : "1042018:8488ba3839212731c78aab032b0ee147",
                    "middleplus" : {
                    "cut_type" : 1,
                    "type" : "WEBP",
                    "url" : "http://ww1.sinaimg.cn/or480/5306c1d3gw1evhajvkp86j20p00xc14w.jpg",
                    "width" : 480,
                    "height" : 640
                    }
                }
            ]
        },
        {
            "text" : "#SAI资源库# P站衣着图解仍然是摩耶薫子老师绘画参考。实用，值得收藏借鉴，转需~",
            "idstr" : "3883046128028802",
            "source" : "",
            "source_allowclick" : 0,
            "source_url" : "",
            "created_at" : "Thu Sep 03 17:50:03 +0800 2015",
            "location" : "",
            "attitudes_status" : 0,
            "attitudes_count" : 0,
            "attitudes_list" : [

            ],
            "comments_count" : 0,
            "comments_list" : [

            ],
            "user" : {
                "profile_image_url" : "http://tp2.sinaimg.cn/3178541805/50/5718597241/1",
                "avatar_large" : "http://tp2.sinaimg.cn/3178541805/180/5718597241/1",
                "idstr" : "3178541805",
                "screen_name" : "Sai资源库"
            },
            "pic_infos" : [
                {
                "thumbnail" : {
                    "cut_type" : 1,
                    "type" : "WEBP",
                    "url" : "http://ww1.sinaimg.cn/or180/bd74b2edgw1evp2m9ywy7j20c80g5my7.jpg",
                    "width" : 180,
                    "height" : 237
                },
                "bmiddle" : {
                    "cut_type" : 1,
                    "type" : "WEBP",
                    "url" : "http://ww1.sinaimg.cn/or360/bd74b2edgw1evp2m9ywy7j20c80g5my7.jpg",
                    "width" : 360,
                    "height" : 475
                },
                "large" : {
                    "cut_type" : 1,
                    "type" : "JPEG",
                    "url" : "http://ww1.sinaimg.cn/wap720/bd74b2edgw1evp2m9ywy7j20c80g5my7.jpg",
                    "width" : "440",
                    "height" : "581"
                },
                "largest" : {
                    "cut_type" : 1,
                    "type" : "JPEG",
                    "url" : "http://ww1.sinaimg.cn/large/bd74b2edgw1evp2m9ywy7j20c80g5my7.jpg",
                    "width" : "440",
                    "height" : "581"
                },
                "pic_id" : "bd74b2edgw1evp2m9ywy7j20c80g5my7",
                "photo_tag" : 0,
                "original" : {
                    "cut_type" : 1,
                    "type" : "JPEG",
                    "url" : "http://ww1.sinaimg.cn/woriginal/bd74b2edgw1evp2m9ywy7j20c80g5my7.jpg",
                    "width" : "440",
                    "height" : "581"
                },
                "object_id" : "1042018:77667ad0be8042442fc80e7f39ffefc3",
                "middleplus" : {
                    "cut_type" : 1,
                    "type" : "WEBP",
                    "url" : "http://ww1.sinaimg.cn/or480/bd74b2edgw1evp2m9ywy7j20c80g5my7.jpg",
                    "width" : "440",
                    "height" : "581"
                }
                },
                {
                "thumbnail" : {
                    "cut_type" : 1,
                    "type" : "WEBP",
                    "url" : "http://ww1.sinaimg.cn/or180/bd74b2edgw1evp2m9aplwj20c80n0abu.jpg",
                    "width" : 180,
                    "height" : 338
                },
                "bmiddle" : {
                    "cut_type" : 1,
                    "type" : "WEBP",
                    "url" : "http://ww1.sinaimg.cn/or360/bd74b2edgw1evp2m9aplwj20c80n0abu.jpg",
                    "width" : 360,
                    "height" : 677
                },
                "large" : {
                    "cut_type" : 1,
                    "type" : "JPEG",
                    "url" : "http://ww1.sinaimg.cn/wap720/bd74b2edgw1evp2m9aplwj20c80n0abu.jpg",
                    "width" : "440",
                    "height" : "828"
                },
                "largest" : {
                    "cut_type" : 1,
                    "type" : "JPEG",
                    "url" : "http://ww1.sinaimg.cn/large/bd74b2edgw1evp2m9aplwj20c80n0abu.jpg",
                    "width" : "440",
                    "height" : "828"
                },
                "pic_id" : "bd74b2edgw1evp2m9aplwj20c80n0abu",
                "photo_tag" : 0,
                "original" : {
                    "cut_type" : 1,
                    "type" : "JPEG",
                    "url" : "http://ww1.sinaimg.cn/woriginal/bd74b2edgw1evp2m9aplwj20c80n0abu.jpg",
                    "width" : "440",
                    "height" : "828"
                },
                "object_id" : "1042018:2143827bfa0bf1591752bd6d6a2da092",
                "middleplus" : {
                    "cut_type" : 1,
                    "type" : "WEBP",
                    "url" : "http://ww1.sinaimg.cn/or480/bd74b2edgw1evp2m9aplwj20c80n0abu.jpg",
                    "width" : "440",
                    "height" : "828"
                }
                },
                {
                "thumbnail" : {
                    "cut_type" : 1,
                    "type" : "WEBP",
                    "url" : "http://ww2.sinaimg.cn/or180/bd74b2edgw1evp2m9p6wnj20c80gigmx.jpg",
                    "width" : 180,
                    "height" : 243
                },
                "bmiddle" : {
                    "cut_type" : 1,
                    "type" : "WEBP",
                    "url" : "http://ww2.sinaimg.cn/or360/bd74b2edgw1evp2m9p6wnj20c80gigmx.jpg",
                    "width" : 360,
                    "height" : 486
                },
                "large" : {
                    "cut_type" : 1,
                    "type" : "JPEG",
                    "url" : "http://ww2.sinaimg.cn/wap720/bd74b2edgw1evp2m9p6wnj20c80gigmx.jpg",
                    "width" : "440",
                    "height" : "594"
                },
                "largest" : {
                    "cut_type" : 1,
                    "type" : "JPEG",
                    "url" : "http://ww2.sinaimg.cn/large/bd74b2edgw1evp2m9p6wnj20c80gigmx.jpg",
                    "width" : "440",
                    "height" : "594"
                },
                "pic_id" : "bd74b2edgw1evp2m9p6wnj20c80gigmx",
                "photo_tag" : 0,
                "original" : {
                    "cut_type" : 1,
                    "type" : "JPEG",
                    "url" : "http://ww2.sinaimg.cn/woriginal/bd74b2edgw1evp2m9p6wnj20c80gigmx.jpg",
                    "width" : "440",
                    "height" : "594"
                },
                "object_id" : "1042018:fe2c45377113ef21f2964d7346ac8954",
                "middleplus" : {
                    "cut_type" : 1,
                    "type" : "WEBP",
                    "url" : "http://ww2.sinaimg.cn/or480/bd74b2edgw1evp2m9p6wnj20c80gigmx.jpg",
                    "width" : "440",
                    "height" : "594"
                }
                },
                {
                "thumbnail" : {
                    "cut_type" : 1,
                    "type" : "WEBP",
                    "url" : "http://ww1.sinaimg.cn/or180/bd74b2edgw1evp2m9f15lj20c80i70um.jpg",
                    "width" : 180,
                    "height" : 267
                },
                "bmiddle" : {
                    "cut_type" : 1,
                    "type" : "WEBP",
                    "url" : "http://ww1.sinaimg.cn/or360/bd74b2edgw1evp2m9f15lj20c80i70um.jpg",
                    "width" : 360,
                    "height" : 535
                },
                "large" : {
                    "cut_type" : 1,
                    "type" : "JPEG",
                    "url" : "http://ww1.sinaimg.cn/wap720/bd74b2edgw1evp2m9f15lj20c80i70um.jpg",
                    "width" : "440",
                    "height" : "655"
                },
                "largest" : {
                    "cut_type" : 1,
                    "type" : "JPEG",
                    "url" : "http://ww1.sinaimg.cn/large/bd74b2edgw1evp2m9f15lj20c80i70um.jpg",
                    "width" : "440",
                    "height" : "655"
                },
                "pic_id" : "bd74b2edgw1evp2m9f15lj20c80i70um",
                "photo_tag" : 0,
                "original" : {
                    "cut_type" : 1,
                    "type" : "JPEG",
                    "url" : "http://ww1.sinaimg.cn/woriginal/bd74b2edgw1evp2m9f15lj20c80i70um.jpg",
                    "width" : "440",
                    "height" : "655"
                },
                "object_id" : "1042018:ab7f687855c1e878ec5cc2b83c7533ce",
                "middleplus" : {
                    "cut_type" : 1,
                    "type" : "WEBP",
                    "url" : "http://ww1.sinaimg.cn/or480/bd74b2edgw1evp2m9f15lj20c80i70um.jpg",
                    "width" : "440",
                    "height" : "655"
                }
                },
                {
                "thumbnail" : {
                    "cut_type" : 1,
                    "type" : "WEBP",
                    "url" : "http://ww3.sinaimg.cn/or180/bd74b2edgw1evp2ma2w1cj20c80h3q5b.jpg",
                    "width" : 180,
                    "height" : 251
                },
                "bmiddle" : {
                    "cut_type" : 1,
                    "type" : "WEBP",
                    "url" : "http://ww3.sinaimg.cn/or360/bd74b2edgw1evp2ma2w1cj20c80h3q5b.jpg",
                    "width" : 360,
                    "height" : 503
                },
                "large" : {
                    "cut_type" : 1,
                    "type" : "JPEG",
                    "url" : "http://ww3.sinaimg.cn/wap720/bd74b2edgw1evp2ma2w1cj20c80h3q5b.jpg",
                    "width" : "440",
                    "height" : "615"
                },
                "largest" : {
                    "cut_type" : 1,
                    "type" : "JPEG",
                    "url" : "http://ww3.sinaimg.cn/large/bd74b2edgw1evp2ma2w1cj20c80h3q5b.jpg",
                    "width" : "440",
                    "height" : "615"
                },
                "pic_id" : "bd74b2edgw1evp2ma2w1cj20c80h3q5b",
                "photo_tag" : 0,
                "original" : {
                    "cut_type" : 1,
                    "type" : "JPEG",
                    "url" : "http://ww3.sinaimg.cn/woriginal/bd74b2edgw1evp2ma2w1cj20c80h3q5b.jpg",
                    "width" : "440",
                    "height" : "615"
                },
                "object_id" : "1042018:c1e99460afe48f7a15d6465e4821e0f4",
                "middleplus" : {
                    "cut_type" : 1,
                    "type" : "WEBP",
                    "url" : "http://ww3.sinaimg.cn/or480/bd74b2edgw1evp2ma2w1cj20c80h3q5b.jpg",
                    "width" : "440",
                    "height" : "615"
                }
                },
                {
                "thumbnail" : {
                    "cut_type" : 1,
                    "type" : "WEBP",
                    "url" : "http://ww1.sinaimg.cn/or180/bd74b2edgw1evp2ma7qrvj20c80h30up.jpg",
                    "width" : 180,
                    "height" : 251
                },
                "bmiddle" : {
                    "cut_type" : 1,
                    "type" : "WEBP",
                    "url" : "http://ww1.sinaimg.cn/or360/bd74b2edgw1evp2ma7qrvj20c80h30up.jpg",
                    "width" : 360,
                    "height" : 503
                },
                "large" : {
                    "cut_type" : 1,
                    "type" : "JPEG",
                    "url" : "http://ww1.sinaimg.cn/wap720/bd74b2edgw1evp2ma7qrvj20c80h30up.jpg",
                    "width" : "440",
                    "height" : "615"
                },
                "largest" : {
                    "cut_type" : 1,
                    "type" : "JPEG",
                    "url" : "http://ww1.sinaimg.cn/large/bd74b2edgw1evp2ma7qrvj20c80h30up.jpg",
                    "width" : "440",
                    "height" : "615"
                },
                "pic_id" : "bd74b2edgw1evp2ma7qrvj20c80h30up",
                "photo_tag" : 0,
                "original" : {
                    "cut_type" : 1,
                    "type" : "JPEG",
                    "url" : "http://ww1.sinaimg.cn/woriginal/bd74b2edgw1evp2ma7qrvj20c80h30up.jpg",
                    "width" : "440",
                    "height" : "615"
                },
                "object_id" : "1042018:0df4664ccd72e186ef79eeb7cc8eaec2",
                "middleplus" : {
                    "cut_type" : 1,
                    "type" : "WEBP",
                    "url" : "http://ww1.sinaimg.cn/or480/bd74b2edgw1evp2ma7qrvj20c80h30up.jpg",
                    "width" : "440",
                    "height" : "615"
                }
                },
                {
                "thumbnail" : {
                    "cut_type" : 1,
                    "type" : "WEBP",
                    "url" : "http://ww3.sinaimg.cn/or180/bd74b2edgw1evp2macwczj20c80h3gnp.jpg",
                    "width" : 180,
                    "height" : 251
                },
                "bmiddle" : {
                    "cut_type" : 1,
                    "type" : "WEBP",
                    "url" : "http://ww3.sinaimg.cn/or360/bd74b2edgw1evp2macwczj20c80h3gnp.jpg",
                    "width" : 360,
                    "height" : 503
                },
                "large" : {
                    "cut_type" : 1,
                    "type" : "JPEG",
                    "url" : "http://ww3.sinaimg.cn/wap720/bd74b2edgw1evp2macwczj20c80h3gnp.jpg",
                    "width" : "440",
                    "height" : "615"
                },
                "largest" : {
                    "cut_type" : 1,
                    "type" : "JPEG",
                    "url" : "http://ww3.sinaimg.cn/large/bd74b2edgw1evp2macwczj20c80h3gnp.jpg",
                    "width" : "440",
                    "height" : "615"
                },
                "pic_id" : "bd74b2edgw1evp2macwczj20c80h3gnp",
                "photo_tag" : 0,
                "original" : {
                    "cut_type" : 1,
                    "type" : "JPEG",
                    "url" : "http://ww3.sinaimg.cn/woriginal/bd74b2edgw1evp2macwczj20c80h3gnp.jpg",
                    "width" : "440",
                    "height" : "615"
                },
                "object_id" : "1042018:2414a3de86dc5ffd3c20fd14877c5864",
                "middleplus" : {
                    "cut_type" : 1,
                    "type" : "WEBP",
                    "url" : "http://ww3.sinaimg.cn/or480/bd74b2edgw1evp2macwczj20c80h3gnp.jpg",
                    "width" : "440",
                    "height" : "615"
                }
                },
                {
                "thumbnail" : {
                    "cut_type" : 1,
                    "type" : "WEBP",
                    "url" : "http://ww4.sinaimg.cn/or180/bd74b2edgw1evp2m9jy5wj20c80h3dh9.jpg",
                    "width" : 180,
                    "height" : 251
                },
                "bmiddle" : {
                    "cut_type" : 1,
                    "type" : "WEBP",
                    "url" : "http://ww4.sinaimg.cn/or360/bd74b2edgw1evp2m9jy5wj20c80h3dh9.jpg",
                    "width" : 360,
                    "height" : 503
                },
                "large" : {
                    "cut_type" : 1,
                    "type" : "JPEG",
                    "url" : "http://ww4.sinaimg.cn/wap720/bd74b2edgw1evp2m9jy5wj20c80h3dh9.jpg",
                    "width" : "440",
                    "height" : "615"
                },
                "largest" : {
                    "cut_type" : 1,
                    "type" : "JPEG",
                    "url" : "http://ww4.sinaimg.cn/large/bd74b2edgw1evp2m9jy5wj20c80h3dh9.jpg",
                    "width" : "440",
                    "height" : "615"
                },
                "pic_id" : "bd74b2edgw1evp2m9jy5wj20c80h3dh9",
                "photo_tag" : 0,
                "original" : {
                    "cut_type" : 1,
                    "type" : "JPEG",
                    "url" : "http://ww4.sinaimg.cn/woriginal/bd74b2edgw1evp2m9jy5wj20c80h3dh9.jpg",
                    "width" : "440",
                    "height" : "615"
                },
                "object_id" : "1042018:6da7313ec31fa6dd034f614f34ec363d",
                "middleplus" : {
                    "cut_type" : 1,
                    "type" : "WEBP",
                    "url" : "http://ww4.sinaimg.cn/or480/bd74b2edgw1evp2m9jy5wj20c80h3dh9.jpg",
                    "width" : "440",
                    "height" : "615"
                }
                },
                {
                "thumbnail" : {
                    "cut_type" : 1,
                    "type" : "WEBP",
                    "url" : "http://ww4.sinaimg.cn/or180/bd74b2edgw1evp2majg5uj20c80hm763.jpg",
                    "width" : 180,
                    "height" : 259
                },
                "bmiddle" : {
                    "cut_type" : 1,
                    "type" : "WEBP",
                    "url" : "http://ww4.sinaimg.cn/or360/bd74b2edgw1evp2majg5uj20c80hm763.jpg",
                    "width" : 360,
                    "height" : 518
                },
                "large" : {
                    "cut_type" : 1,
                    "type" : "JPEG",
                    "url" : "http://ww4.sinaimg.cn/wap720/bd74b2edgw1evp2majg5uj20c80hm763.jpg",
                    "width" : "440",
                    "height" : "634"
                },
                "largest" : {
                    "cut_type" : 1,
                    "type" : "JPEG",
                    "url" : "http://ww4.sinaimg.cn/large/bd74b2edgw1evp2majg5uj20c80hm763.jpg",
                    "width" : "440",
                    "height" : "634"
                },
                "pic_id" : "bd74b2edgw1evp2majg5uj20c80hm763",
                "photo_tag" : 0,
                "original" : {
                    "cut_type" : 1,
                    "type" : "JPEG",
                    "url" : "http://ww4.sinaimg.cn/woriginal/bd74b2edgw1evp2majg5uj20c80hm763.jpg",
                    "width" : "440",
                    "height" : "634"
                },
                "object_id" : "1042018:8210f0123c42affad08a79ac7b6da7d2",
                "middleplus" : {
                    "cut_type" : 1,
                    "type" : "WEBP",
                    "url" : "http://ww4.sinaimg.cn/or480/bd74b2edgw1evp2majg5uj20c80hm763.jpg",
                    "width" : "440",
                    "height" : "634"
                }
                }
            ]
        }
    ]
}
